{"count":1,"self":2428.4293119999998,"total":8320.2387238,"children":{"InitializeActuators":{"count":75,"self":0.0045753999999999994,"total":0.0045753999999999994,"children":null},"InitializeSensors":{"count":75,"self":0.0072499999999999995,"total":0.0072499999999999995,"children":null},"AgentSendState":{"count":673930,"self":413.79238399999997,"total":2469.2155098,"children":{"CollectObservations":{"count":2021850,"self":41.642255999999996,"total":41.6422562,"children":null},"WriteActionMask":{"count":2021850,"self":6.3222416,"total":6.3222415,"children":null},"RequestDecision":{"count":2021850,"self":32.0452736,"total":2007.4586230999998,"children":{"AgentInfo.ToProto":{"count":2000880,"self":25.0700768,"total":1961.2191404999999,"children":{"GenerateSensorData":{"count":2000880,"self":531.39333119999992,"total":1936.1490629,"children":{"CameraSensor.GetCompressedObservation":{"count":2000880,"self":1326.764032,"total":1326.7640496,"children":null},"RayPerceptionSensor.Perceive":{"count":2000880,"self":77.991686399999992,"total":77.9916877,"children":null}}}}},"CameraSensor.GetCompressedObservation":{"count":20970,"self":13.5927984,"total":13.592798799999999,"children":null},"RayPerceptionSensor.Perceive":{"count":20970,"self":0.601409,"total":0.601409,"children":null}}}}},"DecideAction":{"count":673930,"self":3391.3382911999997,"total":3391.3382926,"children":null},"AgentAct":{"count":673930,"self":26.0434816,"total":26.043482299999997,"children":null},"AgentInfo.ToProto":{"count":1762,"self":0.028309599999999997,"total":5.1716086,"children":{"GenerateSensorData":{"count":1762,"self":0.71868809999999994,"total":5.143299,"children":{"CameraSensor.GetCompressedObservation":{"count":1762,"self":4.3429199999999994,"total":4.3429198,"children":null},"RayPerceptionSensor.Perceive":{"count":1762,"self":0.0816911,"total":0.0816911,"children":null}}}}},"CameraSensor.GetCompressedObservation":{"count":15,"self":0.0275902,"total":0.0275902,"children":null},"RayPerceptionSensor.Perceive":{"count":15,"self":0.0010237,"total":0.0010237,"children":null}},"gauges":{"Avoiding Behaviour.CumulativeReward":{"count":1777,"max":27.19916,"min":-0.3999135,"runningAverage":10.9894142,"value":3.642831,"weightedAverage":8.07907}},"metadata":{"timer_format_version":"0.1.0","start_time_seconds":"1715943554","unity_version":"2023.2.19f1","command_line_arguments":"E:\\Unity versions\\2023.2.19f1\\Editor\\Unity.exe -projectpath E:\\GitHub\\Repositories\\Advanced-Tools\\AI_Learns_To_Climb -useHub -hubIPC -cloudEnvironment production -licensingIpc LicenseClient-meijer -hubSessionId f1a26013-b80f-4ac5-9732-f18ff7ed28ee -accessToken 4ZknRqbyQHy9IcjvUz4bBaVOJTvdVd5_nDB4jqVotho008f","communication_protocol_version":"1.5.0","com.unity.ml-agents_version":"2.0.1","scene_name":"GrandArenaScene","end_time_seconds":"1715951875"}}