{"count":1,"self":84.9089984,"total":134.84427789999998,"children":{"InitializeActuators":{"count":50,"self":0.0020058999999999997,"total":0.0020058999999999997,"children":null},"InitializeSensors":{"count":50,"self":0.0035551999999999997,"total":0.0035551999999999997,"children":null},"AgentSendState":{"count":10392,"self":5.405542,"total":21.603623799999998,"children":{"CollectObservations":{"count":51975,"self":3.5194864,"total":3.5194866,"children":null},"WriteActionMask":{"count":51975,"self":0.1654438,"total":0.1654438,"children":null},"RequestDecision":{"count":51975,"self":2.1865563999999997,"total":12.5131515,"children":{"RayPerceptionSensor.Perceive":{"count":31125,"self":0.20749089999999998,"total":0.20749089999999998,"children":null},"AgentInfo.ToProto":{"count":41600,"self":0.5057844,"total":10.1191041,"children":{"GenerateSensorData":{"count":41600,"self":8.7427184,"total":9.6133197,"children":{"RayPerceptionSensor.Perceive":{"count":124800,"self":0.8706009,"total":0.8706009,"children":null}}}}}}}}},"DecideAction":{"count":10392,"self":27.612083199999997,"total":27.612082299999997,"children":null},"AgentAct":{"count":10392,"self":0.6561559,"total":0.6561559,"children":null},"AgentInfo.ToProto":{"count":154,"self":0.0010095,"total":0.0578587,"children":{"GenerateSensorData":{"count":154,"self":0.056849199999999996,"total":0.056849199999999996,"children":{"RayPerceptionSensor.Perceive":{"count":462,"self":0,"total":0,"children":null}}}}}},"gauges":{"Avoiding Behaviour.CumulativeReward":{"count":154,"max":5.88372135,"min":-11.3383589,"runningAverage":-2.3213613,"value":-3.36126447,"weightedAverage":-3.70252275}},"metadata":{"timer_format_version":"0.1.0","start_time_seconds":"1715088930","unity_version":"2023.2.19f1","command_line_arguments":"E:\\Unity versions\\2023.2.19f1\\Editor\\Unity.exe -projectpath E:\\GitHub\\Repositories\\Advanced-Tools\\AI_Learns_To_Climb -useHub -hubIPC -cloudEnvironment production -licensingIpc LicenseClient-meijer -hubSessionId 0f321114-170c-49a4-a846-f6949e4c9869 -accessToken gbDXKOdiTnFfvooB7mUhIUQxu6uQI-rdAO4gpwgydH8008f","communication_protocol_version":"1.5.0","com.unity.ml-agents_version":"2.0.1","scene_name":"RockAvoidingLevel","end_time_seconds":"1715089065"}}