{"count":1,"self":1673.9414015999998,"total":3397.6893725,"children":{"InitializeActuators":{"count":8,"self":0.0015034999999999998,"total":0.0015034999999999998,"children":null},"InitializeSensors":{"count":8,"self":0.0051424,"total":0.0051424,"children":null},"AgentSendState":{"count":390868,"self":106.85569919999999,"total":785.67388429999994,"children":{"CollectObservations":{"count":312700,"self":301.4877696,"total":301.4877658,"children":null},"WriteActionMask":{"count":312700,"self":0.90343849999999992,"total":0.90343849999999992,"children":null},"RequestDecision":{"count":312700,"self":4.609838,"total":376.42698329999996,"children":{"AgentInfo.ToProto":{"count":312700,"self":4.1616968,"total":371.81714519999997,"children":{"GenerateSensorData":{"count":312700,"self":93.4551552,"total":367.6554486,"children":{"CameraSensor.GetCompressedObservation":{"count":312700,"self":264.6999552,"total":264.6999472,"children":null},"RayPerceptionSensor.Perceive":{"count":312700,"self":9.5003464,"total":9.5003462,"children":null}}}}}}}}},"DecideAction":{"count":390868,"self":680.5888,"total":680.5888054,"children":null},"AgentAct":{"count":390868,"self":255.876992,"total":255.87697939999998,"children":null},"AgentInfo.ToProto":{"count":574,"self":0.0065105,"total":1.6016697,"children":{"GenerateSensorData":{"count":574,"self":0.2250742,"total":1.5951591999999999,"children":{"CameraSensor.GetCompressedObservation":{"count":574,"self":1.3470208,"total":1.3470208,"children":null},"RayPerceptionSensor.Perceive":{"count":574,"self":0.0230642,"total":0.0230642,"children":null}}}}}},"gauges":{"Avoiding Behaviour.CumulativeReward":{"count":574,"max":79.74266,"min":-5.170594,"runningAverage":11.284132,"value":30.8091965,"weightedAverage":49.5157852}},"metadata":{"timer_format_version":"0.1.0","start_time_seconds":"1715245507","unity_version":"2023.2.19f1","command_line_arguments":"E:\\Unity versions\\2023.2.19f1\\Editor\\Unity.exe -projectpath E:\\GitHub\\Repositories\\Advanced-Tools\\AI_Learns_To_Climb -useHub -hubIPC -cloudEnvironment production -licensingIpc LicenseClient-meijer -hubSessionId 3e596e0c-e934-4640-83bd-85ef8f667bcc -accessToken 2T7Iisu3BrzO42NgWXJSv2F5leRRLzg8ruBeQ3j3V0M008f","communication_protocol_version":"1.5.0","com.unity.ml-agents_version":"2.0.1","scene_name":"RockAvoidingLevel","end_time_seconds":"1715248905"}}