{
    "name": "root",
    "metadata": {
        "timer_format_version": "0.1.0",
        "start_time_seconds": "1711544566",
        "python_version": "3.9.13 (tags/v3.9.13:6de2ca5, May 17 2022, 16:36:42) [MSC v.1929 64 bit (AMD64)]",
        "command_line_arguments": "D:\\Downloads\\GitHub\\Repositories\\Advanced-Tools\\AI_Learns_To_Climb\\venv\\scripts\\mlagents-learn",
        "mlagents_version": "0.30.0",
        "mlagents_envs_version": "0.30.0",
        "communication_protocol_version": "1.5.0",
        "pytorch_version": "2.2.1+cpu",
        "numpy_version": "1.21.2",
        "end_time_seconds": "1711544684"
    },
    "total": 117.8612992,
    "count": 1,
    "self": 0.038716500000006704,
    "children": {
        "run_training.setup": {
            "total": 0.15460260000000003,
            "count": 1,
            "self": 0.15460260000000003
        },
        "TrainerController.start_learning": {
            "total": 117.6679801,
            "count": 1,
            "self": 0.06988660000016012,
            "children": {
                "TrainerController._reset_env": {
                    "total": 23.632155700000002,
                    "count": 1,
                    "self": 23.632155700000002
                },
                "TrainerController.advance": {
                    "total": 93.55373239999984,
                    "count": 3514,
                    "self": 0.064579500000022,
                    "children": {
                        "env_step": {
                            "total": 93.20868800000005,
                            "count": 3514,
                            "self": 89.68722129999986,
                            "children": {
                                "SubprocessEnvManager._take_step": {
                                    "total": 3.4776496000002055,
                                    "count": 3514,
                                    "self": 0.14906080000011102,
                                    "children": {
                                        "TorchPolicy.evaluate": {
                                            "total": 3.3285888000000945,
                                            "count": 3514,
                                            "self": 3.3285888000000945
                                        }
                                    }
                                },
                                "workers": {
                                    "total": 0.04381709999997696,
                                    "count": 3513,
                                    "self": 0.0,
                                    "children": {
                                        "worker_root": {
                                            "total": 31.968727799999826,
                                            "count": 3513,
                                            "is_parallel": true,
                                            "self": 8.112568499999831,
                                            "children": {
                                                "steps_from_proto": {
                                                    "total": 0.00048370000000019786,
                                                    "count": 1,
                                                    "is_parallel": true,
                                                    "self": 0.0002290000000009229,
                                                    "children": {
                                                        "_process_rank_one_or_two_observation": {
                                                            "total": 0.00025469999999927495,
                                                            "count": 2,
                                                            "is_parallel": true,
                                                            "self": 0.00025469999999927495
                                                        }
                                                    }
                                                },
                                                "UnityEnvironment.step": {
                                                    "total": 23.855675599999994,
                                                    "count": 3513,
                                                    "is_parallel": true,
                                                    "self": 0.24664480000008382,
                                                    "children": {
                                                        "UnityEnvironment._generate_step_input": {
                                                            "total": 0.219017599999912,
                                                            "count": 3513,
                                                            "is_parallel": true,
                                                            "self": 0.219017599999912
                                                        },
                                                        "communicator.exchange": {
                                                            "total": 22.550109700000018,
                                                            "count": 3513,
                                                            "is_parallel": true,
                                                            "self": 22.550109700000018
                                                        },
                                                        "steps_from_proto": {
                                                            "total": 0.8399034999999806,
                                                            "count": 3513,
                                                            "is_parallel": true,
                                                            "self": 0.46045180000004393,
                                                            "children": {
                                                                "_process_rank_one_or_two_observation": {
                                                                    "total": 0.37945169999993666,
                                                                    "count": 7026,
                                                                    "is_parallel": true,
                                                                    "self": 0.37945169999993666
                                                                }
                                                            }
                                                        }
                                                    }
                                                }
                                            }
                                        }
                                    }
                                }
                            }
                        },
                        "trainer_advance": {
                            "total": 0.2804648999997781,
                            "count": 3513,
                            "self": 0.08430919999976538,
                            "children": {
                                "process_trajectory": {
                                    "total": 0.1961557000000127,
                                    "count": 3513,
                                    "self": 0.1961557000000127
                                }
                            }
                        }
                    }
                },
                "TrainerController._save_models": {
                    "total": 0.4122053999999906,
                    "count": 1,
                    "self": 2.6999999988674972e-05,
                    "children": {
                        "RLTrainer._checkpoint": {
                            "total": 0.41217840000000194,
                            "count": 1,